Titre,URL,Date de publication,Description,Source
Apple Appeals As Watch Series 9 And Ultra 2 Sales Banned,https://www.forbes.com/sites/andrewwilliams/2023/12/26/apple-appeals-as-watch-series-9-and-ultra-2-sales-banned/,2023-12-26T17:45:03Z,"Apple has launched an appeal to get its Watch Series 9 and Ultra 2 back on shelves, after the much-discussed sales ban comes into effect.",Forbes
Apple Watch Import Ban Starts Today—Here’s What To Know As Newer Watch Sales Stop,https://www.forbes.com/sites/jamesfarrell/2023/12/26/apple-watch-import-ban-starts-today-heres-what-to-know-as-newer-watch-sales-stop/,2023-12-26T17:09:29Z,"Imports and sales of Apple Watches with blood oxygen detection technology are officially banned, as an October ruling that the technology infringed on a patent officially took effect Tuesday.",Forbes
Apple iOS 17.3 Release Date: Awesome iPhone Upgrade Coming Soon,https://www.forbes.com/sites/davidphelan/2023/12/25/ios-173-apple-is-about-to-launch-a-stunning-new-iphone-upgrade/,2023-12-25T21:26:53Z,The next big iOS update is on its way and includes a brilliant all-new feature which can’t come soon enough.,Forbes
Apple Faces MacBook Air Release Problem,https://www.forbes.com/sites/ewanspence/2023/12/24/apple-macbook-pro-release-date-new-macbook-air-launch-delay/,2023-12-24T15:29:03Z,Apple faces a crucial decision about the next-generation MacBook Air that will have repercussions across the entire MacBook family,Forbes
Setting Up A New Apple iPhone: The 7 Things You Need To Do,https://www.forbes.com/sites/davidphelan/2023/12/24/setting-up-a-new-apple-iphone-the-7-things-you-need-to-do/,2023-12-24T11:00:39Z,"So, you’ve just snagged a new iPhone? Congrats. Here are the things you need to do straight away to make the most of it out of the box.",Forbes
Apple iOS 17.3 Release Date: Awesome iPhone Upgrade Coming Soon,https://www.forbes.com/sites/davidphelan/2023/12/24/ios-173-apple-is-about-to-launch-a-stunning-new-iphone-upgrade/,2023-12-24T10:25:07Z,The next big iOS update is on its way and includes a brilliant all-new feature which can’t come soon enough.,Forbes
Apple Faces MacBook Air Release Problem,https://www.forbes.com/sites/ewanspence/2023/12/23/apple-macbook-pro-release-date-new-macbook-air-launch-delay/,2023-12-23T22:28:24Z,Apple faces a crucial decision about the next-generation MacBook Air that will have repercussions across the entire MacBook family,Forbes
iOS 17.3: Apple Is About To Launch An Awesome New iPhone Upgrade,https://www.forbes.com/sites/davidphelan/2023/12/23/ios-173-apple-is-about-to-launch-a-stunning-new-iphone-upgrade/,2023-12-23T11:00:02Z,The next big iOS update is on its way and includes a brilliant all-new feature which can’t come soon enough.,Forbes
iOS 17.2.1: Apple Suddenly Releases Unexpected Update For All iPhone Users,https://www.forbes.com/sites/davidphelan/2023/12/23/ios-1721-apple-suddenly-releases-surprise-update-for-all-iphone-users-ios-1674/,2023-12-23T09:15:36Z,"If you thought the next Apple update would be next year, with iOS 17.3, guess what? Two surprise extra updates have just landed.",Forbes
"Apple Loop: iPhone 16 Pro AI Secrets, Snapdragon’s MacBook Air Challenge, Apple Watch Shock",https://www.forbes.com/sites/ewanspence/2023/12/22/apple-headlines-iphone-16-pro-camera-ios-flipper-apple-watch-apple-vision-pro-apps/,2023-12-22T22:34:51Z,"This week’s Apple headlines; leaked iPhone details, iPhone 16 Pro AI secrets, Apple’s latest security updates, Flipper hack fixed, Apple Silicon vs Snapdragon showdown, Apple Watch removed from sale, and more...",Forbes
"What To Stream This Weekend: New Shows And Movies On Netflix, Apple, Amazon, Disney And More",https://www.forbes.com/sites/erikkain/2023/12/22/what-to-stream-this-weekend-new-shows-and-movies-on-netflix-apple-amazon-disney-and-more/,2023-12-22T19:13:12Z,"The final weekend of Advent is here, with Christmas Eve jingling its way to us this Sunday and Old Saint Nick squeezing down our chimneys in time for Christmas morning.",Forbes
Eve Play Brings Apple’s AirPlay Streaming To Any Legacy Audio System,https://www.forbes.com/sites/marksparrow/2023/12/22/eve-play-brings-apples-airplay-streaming-to-any-legacy-audio-system/,2023-12-22T12:14:30Z,"Eve Play brings Apple AirPLay 2 to almost any audio device with analog or digital inputs. It enables older audio kit to stream music from an iPhone, iPad or Mac.",Forbes
iOS 17.2.1: Apple Suddenly Releases Unexpected Update For All iPhone Users,https://www.forbes.com/sites/davidphelan/2023/12/22/ios-1721-apple-suddenly-releases-surprise-update-for-all-iphone-users-ios-1674/,2023-12-22T10:45:02Z,"If you thought the next Apple update would be next year, with iOS 17.3, guess what? Two surprise extra updates have just landed.",Forbes
Apple iOS 17.2.1 Surprise iPhone Software Release: Should You Upgrade?,https://www.forbes.com/sites/davidphelan/2023/12/22/apple-ios-1721-surprise-iphone-software-release-should-you-upgrade/,2023-12-22T10:30:03Z,There’s been a surprise iPhone software update this week. Should you stick with iOS 17.2 or update to iOS 17.2.1? Here’s how it’s been received.,Forbes
Apple Watch Series 9 Sales Ban Has Surprise Sting In The Tail,https://www.forbes.com/sites/davidphelan/2023/12/22/apple-watch-series-9-sales-ban-has-surprise-sting-in-the-tail/,2023-12-22T10:00:48Z,"You can no longer buy the Apple Watch Series 9 on Apple Watch Ultra 2 from Apple online. Now, though more details are emerging that are not great news.",Forbes
"5 Smartwatches For Travelers To Wear Into 2024, That Aren’t An Apple Watch",https://www.forbes.com/sites/breannawilson/2023/12/21/5-smartwatches-for-travelers-to-wear-into-2024-that-arent-an-apple-watch/,2023-12-21T23:41:48Z,"With Apple halting online sales of the Apple Watch Series 9 and Ultra Series 2, take a look at these other great smartwatches on the market.",Forbes
Google Is Showing Apple What The iPhone 15 Is Desperately Missing,https://www.forbes.com/sites/jaymcgregor/2023/12/21/google-is-showing-apple-what-the-iphone-15-is-desperately-missing/,2023-12-21T16:31:29Z,Google is showing Apple the way on smartphone longevity.,Forbes
iOS 17.2.1—Apple Issues Surprise New Update For All iPhone Users,https://www.forbes.com/sites/kateoflahertyuk/2023/12/21/ios-1721-apple-issues-surprise-new-update-for-all-iphone-users/,2023-12-21T15:16:26Z,"Apple has issued iOS 17.2.1, a surprise new iPhone update containing important bug fixes. Here's what you need to know.",Forbes
Apple Halts U.S. Sales Of Apple Watch Series 9 And Ultra 2 In Hours,https://www.forbes.com/sites/davidphelan/2023/12/21/apple-will-suddenly-stop-sales-of-apple-watch-series-9-and-ultra-2-in-days/,2023-12-21T09:30:13Z,"With days left of holiday shopping, Apple suddenly announces pause in U.S. watch sales due to losing an intellectual property dispute over its blood oxygen sensor.",Forbes
"2024 Is the Year Of Vision: Large Vision Models, Apple Vision Pro, And AI Wearables That Can See",https://www.forbes.com/sites/cathyhackl/2023/12/20/2024-is-the-year-of-vision-large-vision-models-apple-vision-pro-and-ai-wearables-that-can-see/,2023-12-20T14:10:31Z,"From computer vision to Large Vision Models and Apple's Vision Pro launch, 2024 is the year we will see through the eyes of the machine and wearable technology will take center stage.",Forbes
iOS 17.2.1: Apple Suddenly Releases Urgent Update For All iPhone Users,https://www.forbes.com/sites/davidphelan/2023/12/20/ios-1721-apple-suddenly-releases-surprise-update-for-all-iphone-users-ios-1674/,2023-12-20T11:39:14Z,"If you thought the next Apple update would be next year, with iOS 17.3, guess what? That’s right, there are two surprise extra updates which have just landed.",Forbes
iOS 17.2.1—Apple Issues Surprise New Update For All iPhone Users,https://www.forbes.com/sites/kateoflahertyuk/2023/12/20/ios-1721-apple-issues-surprise-new-update-for-all-iphone-users/,2023-12-20T09:21:16Z,"Apple has issued iOS 17.2.1, a surprise new iPhone update containing important bug fixes. Here's what you need to know.",Forbes
‘The Buccaneers’ Renewed For Season 2 At Apple TV+,https://www.forbes.com/sites/monicamercuri/2023/12/19/the-buccaneers-renewed-for-season-2-at-apple-tv/,2023-12-19T20:12:48Z,"Fans of the 19th-century period drama, ""The Buccaneers,"" can celebrate! The series is officially getting a second season on Apple TV+. Here's what we know.",Forbes
Apple Scrambles For Software Fix To Beat Thursday’s Watch Sales Ban,https://www.forbes.com/sites/davidphelan/2023/12/19/apple-scrambles-for-software-fix-to-beat-thursdays-watch-sales-ban/,2023-12-19T18:32:48Z,"Apple will pause sales of Apple Watch Series 9 and Ultra 2 online this Thursday. But Apple is working behind the scenes on a high-stakes effort to save it, it’s reported.",Forbes
